{"cameraMode":{"drawMode":0,"name":"Shaded","section":"Shading Mode"},"sceneLighting":true,"audioPlay":false,"sceneViewState":{"m_AlwaysRefresh":false,"showFog":true,"showSkybox":true,"showFlares":true,"showImageEffects":true,"showParticleSystems":true,"showVisualEffectGraphs":true,"m_FxEnabled":true},"in2DMode":false,"pivot":{"x":1.3045508861541749,"y":7.586047172546387,"z":-22.23921012878418},"rotation":{"x":0.30802395939826968,"y":-0.42530784010887148,"z":0.15659603476524354,"w":0.8365134000778198},"size":0.8660253882408142,"orthographic":false}