{"cameraMode":{"drawMode":0,"name":"Shaded","section":"Shading Mode"},"sceneLighting":true,"audioPlay":false,"sceneViewState":{"m_AlwaysRefresh":false,"showFog":true,"showSkybox":true,"showFlares":true,"showImageEffects":true,"showParticleSystems":true,"showVisualEffectGraphs":true,"m_FxEnabled":true},"in2DMode":false,"pivot":{"x":0.8095590472221375,"y":5.279597282409668,"z":-14.599260330200196},"rotation":{"x":-0.17610563337802888,"y":0.39740729331970217,"z":-0.0779956728219986,"w":-0.8972260355949402},"size":0.5858697295188904,"orthographic":false}